student_id,risk_score,risk_level
849,0.8656314698519374,High
521,0.8358688928299924,High
473,0.797663123035398,High
882,0.7930844304609873,High
545,0.7840017561431134,High
239,0.7754153712525215,High
381,0.7741613027840701,High
223,0.7631686121777685,High
385,0.7531843784794108,High
234,0.6611833208797842,Medium
747,0.6233505188212131,Medium
548,0.5475490279657568,Medium
575,0.5156232693328511,Medium
89,0.5044918189162217,Medium
883,0.46762111634405495,Medium
